{
  "hash": "a6601e8a",
  "browserHash": "31f05de0",
  "optimized": {
    "@angular/common": {
      "src": "../../../../../node_modules/@angular/common/fesm2022/common.mjs",
      "file": "@angular_common.js",
      "fileHash": "9990bc30",
      "needsInterop": false
    },
    "@angular/core": {
      "src": "../../../../../node_modules/@angular/core/fesm2022/core.mjs",
      "file": "@angular_core.js",
      "fileHash": "3d0f7e6d",
      "needsInterop": false
    },
    "@angular/platform-browser": {
      "src": "../../../../../node_modules/@angular/platform-browser/fesm2022/platform-browser.mjs",
      "file": "@angular_platform-browser.js",
      "fileHash": "c0239557",
      "needsInterop": false
    },
    "@angular/router": {
      "src": "../../../../../node_modules/@angular/router/fesm2022/router.mjs",
      "file": "@angular_router.js",
      "fileHash": "fef55f1f",
      "needsInterop": false
    },
    "@angular/forms": {
      "src": "../../../../../node_modules/@angular/forms/fesm2022/forms.mjs",
      "file": "@angular_forms.js",
      "fileHash": "7640c529",
      "needsInterop": false
    }
  },
  "chunks": {
    "chunk-VIUQSHAA": {
      "file": "chunk-VIUQSHAA.js"
    },
    "chunk-DTDPP5UO": {
      "file": "chunk-DTDPP5UO.js"
    },
    "chunk-GQV5CXXG": {
      "file": "chunk-GQV5CXXG.js"
    }
  }
}